,,,,,,,,,"2 rbs, 2 wr, 1 qb, 1 te, 1 kick",
,PLAYER,POS,FPTS,VOR,VALUERANK,OTHERPICK,MYPICK,,,
0,Christian McCaffrey,RB,316.75,216.15,1,x,,,,
1,Saquon Barkley,RB,274.15,173.55,2,x,,,,
2,Ezekiel Elliott,RB,270.05,169.45,3,x,,,,
4,Dalvin Cook,RB,260.5,159.9,4,x,,,,
5,Alvin Kamara,RB,248,147.4,5,x,,,,
3,Derrick Henry,RB,246.15,145.55,6,x,,,,
0,Michael Thomas,WR,263.85,141.95,7,x,,,,
7,Clyde Edwards-Helaire,RB,224.1,123.5,8,x,,,,
10,Miles Sanders,RB,221.4,120.8,9,x,,,,
9,Aaron Jones,RB,220.1,119.5,10,,x,,,
12,Kenyan Drake,RB,219.6,119,11,,x,,,
1,Davante Adams,WR,239.8,117.9,12,x,,,,
8,Joe Mixon,RB,218.25,117.65,13,x,,,,
14,Austin Ekeler,RB,216.9,116.3,14,x,,,,
6,Nick Chubb,RB,214.7,114.1,15,x,,,,
11,Josh Jacobs,RB,210.75,110.15,16,x,,,,
2,Julio Jones,WR,228.4,106.5,17,x,,,,
13,Chris Carson,RB,202.6,102,18,x,,,,
0,Travis Kelce,TE,207.25,99.7,19,x,,,,
15,Todd Gurley,RB,199.1,98.5,20,,x,,,
17,Leonard Fournette,RB,196.7,96.1,21,x,,,,
0,Lamar Jackson,QB,355.2,94.8,22,x,,,,
18,Le'Veon Bell,RB,195.3,94.7,23,x,,,,
3,Tyreek Hill,WR,216.15,94.25,24,x,,,,
16,David Johnson,RB,194.4,93.8,25,x,,,,
5,DeAndre Hopkins,WR,212.1,90.2,26,x,,,,
4,Chris Godwin,WR,207.1,85.2,27,x,,,,
19,James Conner,RB,183.25,82.65,28,x,,,,
20,Melvin Gordon,RB,183.2,82.6,29,x,,,,
1,George Kittle,TE,189.1,81.55,30,x,,,,
1,Patrick Mahomes,QB,341.9,81.5,31,x,,,,
6,Mike Evans,WR,199.25,77.35,32,x,,,,
7,Kenny Golladay,WR,197.05,75.15,33,x,,,,
10,D.J. Moore,WR,195.6,73.7,34,x,,,,
11,Robert Woods,WR,194.55,72.65,35,,x,,,
8,Amari Cooper,WR,192.05,70.15,36,x,,,,
9,Adam Thielen,WR,191.95,70.05,37,x,,,,
15,Cooper Kupp,WR,191.6,69.7,38,x,,,,
12,Calvin Ridley,WR,189.6,67.7,39,x,,,,
22,Devin Singletary,RB,167.75,67.15,40.5,x,,,,
16,Allen Robinson,WR,189.05,67.15,40.5,x,,,,
13,Tyler Lockett,WR,186.75,64.85,42,x,,,,
18,Keenan Allen,WR,186.05,64.15,43,x,,,,
23,Mark Ingram II,RB,161.25,60.65,44,x,,,,
17,Odell Beckham Jr.,WR,181.85,59.95,45.5,x,,,,
14,A.J. Brown,WR,181.85,59.95,45.5,x,,,,
21,David Montgomery,RB,160.5,59.9,47,x,,,,
3,Zach Ertz,TE,166.85,59.3,48,x,,,,
21,JuJu Smith-Schuster,WR,179.95,58.05,49,x,,,,
26,Ronald Jones II,RB,157.4,56.8,50,x,,,,
19,DeVante Parker,WR,178.1,56.2,51,x,,,,
24,Jonathan Taylor,RB,155.4,54.8,52,x,,,,
2,Dak Prescott,QB,314.6,54.2,53,,x,,,
20,Courtland Sutton,WR,176.05,54.15,54,x,,,,
22,Terry McLaurin,WR,173.95,52.05,55,x,,,,
25,Raheem Mostert,RB,152.45,51.85,56,x,,,,
23,T.Y. Hilton,WR,173.05,51.15,57,x,,,,
3,Deshaun Watson,QB,310.9,50.5,58,x,,,,
29,Kareem Hunt,RB,150.8,50.2,59,x,,,,
2,Mark Andrews,TE,157.45,49.9,60,x,,,,
26,A.J. Green,WR,168.8,46.9,61,x,,,,
28,Jarvis Landry,WR,168.65,46.75,62,x,,,,
27,D'Andre Swift,RB,146.7,46.1,63,x,,,,
25,D.K. Metcalf,WR,167.95,46.05,64,x,,,,
24,Michael Gallup,WR,167.9,46,65,x,,,,
4,Darren Waller,TE,153.25,45.7,66,x,,,,
4,Russell Wilson,QB,303.9,43.5,67,x,,,,
27,Stefon Diggs,WR,165.35,43.45,68,x,,,,
29,D.J. Chark,WR,163.55,41.65,69,x,,,,
28,Cam Akers,RB,141.4,40.8,70,x,,,,
32,Julian Edelman,WR,161.65,39.75,71,,x,,,
33,Tyler Boyd,WR,161,39.1,72,x,,,,
30,Kerryon Johnson,RB,139.5,38.9,73,x,,,,
30,Marquise Brown,WR,158.9,37,74,x,akash thinks he's better than edelman,,,
31,Marvin Jones,WR,158.45,36.55,75,x,,,,
36,James White,RB,137.1,36.5,76,x,,,,
5,Kyler Murray,QB,294.9,34.5,77,x,,,,
38,Tarik Cohen,RB,134.8,34.2,78,x,,,,
6,Josh Allen,QB,293.6,33.2,79,x,,,,
5,Evan Engram,TE,137.95,30.4,80,x,,,,
36,Jamison Crowder,WR,150.1,28.2,81,x,,,,
31,Marlon Mack,RB,128.1,27.5,82,x,,,,
35,Diontae Johnson,WR,148.65,26.75,83,,x,,,
7,Matt Ryan,QB,286.1,25.7,84,x,,,,
40,Sterling Shepard,WR,146.35,24.45,85,x,,,,
35,Phillip Lindsay,RB,124.9,24.3,86,x,,,,
33,Jordan Howard,RB,124.5,23.9,87,x,,,,
34,Will Fuller,WR,145.7,23.8,88,x,,,,
39,Christian Kirk,WR,145.65,23.75,89,x,,,,
32,Sony Michel,RB,122.5,21.9,90,x,,,,
8,Tyler Higbee,TE,129.4,21.85,91,x,,,,
38,Brandin Cooks,WR,143.6,21.7,92,x,,,,
7,Hunter Henry,TE,128.85,21.3,93,x,,,,
37,Matt Breida,RB,121.35,20.75,94,x,,,,
43,Golden Tate,WR,142.45,20.55,95,x,,,,
34,Tevin Coleman,RB,120.85,20.25,96,x,,,,
42,Preston Williams,WR,140.95,19.05,97,,x,,,
6,Jared Cook,TE,126.3,18.75,98,,x,,,
8,Tom Brady,QB,278,17.6,99,x,,,,
37,Mike Williams,WR,137.8,15.9,100,x,,,,
41,John Brown,WR,137.55,15.65,101,x,,,,
9,Drew Brees,QB,275.9,15.5,102,x,,,,
42,Duke Johnson,RB,115.1,14.5,103,x,,,,
10,Aaron Rodgers,QB,273.9,13.5,104,x,,,,
44,Darius Slayton,WR,134.65,12.75,105,x,,<_ picked over preston,,
11,Hayden Hurst,TE,118.7,11.15,106,x,,,,
40,Latavius Murray,RB,111.2,10.6,107,x,,,,
9,Rob Gronkowski,TE,117.9,10.35,108,x,,,,
11,Carson Wentz,QB,270.5,10.1,109,x,,,,
48,Anthony Miller,WR,131.25,9.35,110,,x,,,
10,Noah Fant,TE,116.5,8.95,111,x,,,,
39,Adrian Peterson,RB,108.95,8.35,112,x,,,,
45,Breshad Perriman,WR,130.15,8.25,113,x,,,,
49,Emmanuel Sanders,WR,129.4,7.5,114,x,,,,
46,Deebo Samuel,WR,129.15,7.25,115,x,,,,
13,Mike Gesicki,TE,114.5,6.95,116,x,,,,
12,Austin Hooper,TE,114.3,6.75,117,x,,,,
47,DeSean Jackson,WR,127.75,5.85,118,,x,,,
51,Henry Ruggs III,WR,127.05,5.15,119,x,,,,
50,CeeDee Lamb,WR,127.05,5.15,120,x,,,,
41,J.K. Dobbins,RB,105.6,5,121,x,,,,
53,Jalen Reagor,WR,126.7,4.8,122,x,,,,
44,Darrell Henderson,RB,104.35,3.75,123,x,,,,
52,Robby Anderson,WR,125.6,3.7,124,,x,,,
54,Sammy Watkins,WR,124,2.1,125,x,,,,
46,Antonio Gibson,RB,101.25,0.65,126,x,,,,
12,Matthew Stafford,QB,260.4,0,128.5,x,,,,
14,T.J. Hockenson,TE,107.55,0,128.5,x,,,,
56,Jerry Jeudy,WR,121.9,0,128.5,x,,,,
43,Zack Moss,RB,100.6,0,128.5,x,,,,
13,Cam Newton,QB,260,-0.4,131,x,,,,
55,Curtis Samuel,WR,120.35,-1.55,132,x,,,,
57,Justin Jefferson,WR,119.45,-2.45,133,x,,,,
58,Allen Lazard,WR,118.9,-3,134,x,,,,
45,Boston Scott,RB,97.45,-3.15,135,,,,,
15,Chris Herndon IV,TE,104.2,-3.35,136,,x,,,
14,Jared Goff,QB,255.8,-4.6,137,,,,,
16,Dallas Goedert,TE,102.95,-4.6,138,x,,,,
20,Jack Doyle,TE,101.4,-6.15,139,x,,,,
51,Nyheim Hines,RB,94.4,-6.2,140,x,,,,
59,N'Keal Harry,WR,114.9,-7,141,,,,,
15,Ryan Tannehill,QB,252.9,-7.5,142,x,,,,
47,Ke'Shawn Vaughn,RB,93,-7.6,143,x,,,,
17,Eric Ebron,TE,99.9,-7.65,144,x,,,,
16,Daniel Jones,QB,252.4,-8,145,x,,,,
19,Blake Jarwin,TE,99.4,-8.15,146,x,,,,
61,Steven Sims,WR,113.65,-8.25,147,,,,,
18,Jonnu Smith,TE,99.15,-8.4,148,x,,,,
50,Tony Pollard,RB,91.55,-9.05,149,x,,,,
65,Dede Westbrook,WR,112.05,-9.85,150,x,,,,
48,Justin Jackson,RB,90.55,-10.05,151,x,,,,
68,Danny Amendola,WR,111.55,-10.35,152,,,,,
62,Corey Davis,WR,110.9,-11,153,,,,,
21,Ian Thomas,TE,95.35,-12.2,154,,,,,
64,Hunter Renfrow,WR,109.55,-12.35,155,x,,,,
60,Mecole Hardman,WR,109.45,-12.45,156,,,,,
67,Cole Beasley,WR,109,-12.9,157,,,,,
49,Alexander Mattison,RB,87.5,-13.1,158,x,,,,
63,Michael Pittman Jr.,WR,108.25,-13.65,159,,,,,
17,Baker Mayfield,QB,245.4,-15,160,,,,,
18,Kirk Cousins,QB,244.6,-15.8,161,,,,,
19,Gardner Minshew II,QB,244.3,-16.1,162,,,,,
20,Ben Roethlisberger,QB,243.6,-16.8,163,,,,,
70,Larry Fitzgerald,WR,105.05,-16.85,164,x,,,,
23,Jace Sternberger,TE,89.1,-18.45,165,,,,,
21,Jimmy Garoppolo,QB,241.4,-19,166,,,,,
66,Tyrell Williams,WR,102.6,-19.3,167,,,,,
22,Joe Burrow,QB,240.8,-19.6,168,x,,,,
22,Greg Olsen,TE,87.6,-19.95,169,,,,,
53,Darrynton Evans,RB,79.9,-20.7,170,,,,,
69,Brandon Aiyuk,WR,100.65,-21.25,171,x,,,,
24,Kyle Rudolph,TE,85.6,-21.95,172,,,,,
54,Jamaal Williams,RB,78.55,-22.05,173.5,x,,,,
52,Chase Edmonds,RB,78.55,-22.05,173.5,x,,,,
55,Jalen Richard,RB,77.8,-22.8,175,,,,,
71,Alshon Jeffery,WR,98.75,-23.15,176,,,,,
72,Randall Cobb,WR,97.85,-24.05,177,,,,,
73,Denzel Mims,WR,95.45,-26.45,178,,,,,
57,Ito Smith,RB,73,-27.6,179,x,,,,
23,Drew Lock,QB,232.6,-27.8,180,x,,,,
61,Giovani Bernard,RB,72.15,-28.45,181,,,,,
74,Josh Reynolds,WR,93.25,-28.65,182,,,,,
26,Jimmy Graham,TE,78.8,-28.75,183,,,,,
24,Teddy Bridgewater,QB,231.4,-29,184,,,,,
28,Irv Smith Jr.,TE,78,-29.55,185,x,,,,
25,Philip Rivers,QB,230.6,-29.8,186,,,,,
62,Chris Thompson,RB,70.65,-29.95,187,,,,,
59,Jerick McKinnon,RB,70.4,-30.2,188,x,,,,
25,Dawson Knox,TE,77.25,-30.3,189,,,,,
75,Parris Campbell,WR,90.4,-31.5,190,,,,,
27,Tyler Eifert,TE,75.85,-31.7,191,,,,,
76,Chris Conley,WR,89.45,-32.45,192,,,,,
77,Tee Higgins,WR,88.95,-32.95,193,,,,,
56,A.J. Dillon,RB,66.4,-34.2,194,x,,,,
31,C.J. Uzomah,TE,73.3,-34.25,195,,,,,
78,Russell Gage,WR,87,-34.9,196,,,,,
26,Derek Carr,QB,224.9,-35.5,197,,,,,
27,Sam Darnold,QB,224.4,-36,198,,,,,
58,Joshua Kelley,RB,64.55,-36.05,199,,,,,
29,Darren Fells,TE,70.85,-36.7,200,,,,,
30,O.J. Howard,TE,69.3,-38.25,201,,,,,
60,Malcolm Brown,RB,62.25,-38.35,202,,,,,
32,David Njoku,TE,69,-38.55,203,,,,,
63,LeSean McCoy,RB,62,-38.6,204,,,,,
80,Mohamed Sanu,WR,83.15,-38.75,205,,,,,
79,James Washington,WR,82.8,-39.1,206,,,,,
33,Gerald Everett,TE,65.95,-41.6,207,,,,,
83,Adam Humphries,WR,79.25,-42.65,208,,,,,
65,Ryquell Armstead,RB,57.15,-43.45,209,,,,,
66,Lamar Miller,RB,56.95,-43.65,210,,,,,
69,Anthony McFarland Jr.,RB,55.9,-44.7,211,,,,,
34,Nick Boyle,TE,62.85,-44.7,212,,,,,
67,Rashaad Penny,RB,55.5,-45.1,213,,,,,
71,Rex Burkhead,RB,55.35,-45.25,214,,,,,
64,Benny Snell Jr.,RB,54.4,-46.2,215,,,,,
81,Kenny Stills,WR,75.25,-46.65,216,,,,,
70,Bryce Love,RB,53.5,-47.1,217,,,,,
68,Carlos Hyde,RB,53.4,-47.2,218,,,,,
82,John Ross,WR,73.55,-48.35,219,,,,,
85,Antonio Gandy-Golden,WR,72,-49.9,220,,,,,
72,Frank Gore,RB,50.55,-50.05,221,,,,,
35,Vance McDonald,TE,57.45,-50.1,222,,,,,
74,Dion Lewis,RB,50.4,-50.2,223,,,,,
84,Miles Boykin,WR,71.4,-50.5,224,,,,,
86,KJ Hamler,WR,70.85,-51.05,225,,,,,
87,Kendrick Bourne,WR,70.1,-51.8,226,,,,,
80,Jaylen Samuels,RB,48.65,-51.95,227,,,,,
73,Lynn Bowden Jr.,RB,47.95,-52.65,228,,,,,
89,Chase Claypool,WR,69.1,-52.8,229,,,,,
37,Jordan Akins,TE,54.45,-53.1,230,,,,,
88,Phillip Dorsett,WR,68.3,-53.6,231,,,,,
36,Will Dissly,TE,53.9,-53.65,232,,,,,
90,Laviska Shenault Jr.,WR,68,-53.9,233,,,,,
92,Willie Snead,WR,67.55,-54.35,234,,,,,
91,Jakeem Grant,WR,67.45,-54.45,235,,,,,
40,Trey Burton,TE,52.4,-55.15,236,,,,,
41,Devin Asiasi,TE,52.25,-55.3,237,,,,,
77,DeAndre Washington,RB,45.25,-55.35,238,,,,,
75,Darwin Thompson,RB,44.3,-56.3,239,,,,,
82,Royce Freeman,RB,43.9,-56.7,241,,,,,
39,Dan Arnold,TE,50.85,-56.7,241,,,,,
38,Anthony Firkser,TE,50.85,-56.7,241,,,,,
76,Darrel Williams,RB,43.8,-56.8,243,,,,,
42,Cole Kmet,TE,50.05,-57.5,244,,,,,
85,Kyle Juszczyk,RB,42.75,-57.85,245,,,,,
81,Brian Hill,RB,41.95,-58.65,246,,,,,
83,Lamical Perine,RB,40.95,-59.65,247,,,,,
78,Gus Edwards,RB,40.55,-60.05,248,,,,,
79,Damien Harris,RB,40.4,-60.2,249,x,,,,
84,Reggie Bonnafon,RB,37.7,-62.9,250,x,,,,
43,Jordan Reed,TE,44.5,-63.05,251,,,,,
94,Devin Duvernay,WR,57.5,-64.4,252,,,,,
46,Jeremy Sprinkle,TE,43.1,-64.45,253,,,,,
44,Ryan Griffin,TE,43.05,-64.5,254,,,,,
45,Jesse James,TE,42.1,-65.45,255,,,,,
93,Tre'Quan Smith,WR,55.45,-66.45,256,,,,,
86,Justice Hill,RB,33.95,-66.65,257,,,,,
87,Sewo Olonilua,RB,32.7,-67.9,258,,,,,
49,Logan Thomas,TE,39.15,-68.4,259,,,,,
48,Cameron Brate,TE,38.95,-68.6,260,,,,,
97,Olabisi Johnson,WR,53.3,-68.6,261,,,,,
95,Zach Pascal,WR,52.9,-69,262,,,,,
47,Andrew Beck,TE,38.3,-69.25,263.5,,,,,
90,J.D. McKissic,RB,31.35,-69.25,263.5,,,,,
96,David Moore,WR,52.45,-69.45,265,,,,,
50,Taysom Hill,TE,37.75,-69.8,266,,,,,
98,Ted Ginn,WR,51.65,-70.25,267,,,,,
52,Maxx Williams,TE,37.2,-70.35,268,,,,,
91,Dare Ogunbowale,RB,29.7,-70.9,269,,,,,
88,Ryan Nall,RB,29.5,-71.1,270,,,,,
51,Matt LaCosse,TE,36.35,-71.2,271,,,,,
99,Jake Kumerow,WR,50.5,-71.4,272,,,,,
55,Jason Witten,TE,35.6,-71.95,273.5,,,,,
54,Josh Oliver,TE,35.6,-71.95,273.5,,,,,
100,Marquez Valdes-Scantling,WR,49.95,-71.95,275,,,,,
92,Patrick Laird,RB,28.6,-72,276,,,,,
53,Jaeden Graham,TE,35.5,-72.05,277,,,,,
93,Malcolm Perry,RB,28.5,-72.1,278,,,,,
89,Corey Clement,RB,27.55,-73.05,279,,,,,
56,Jacob Hollister,TE,34.4,-73.15,280,,,,,
57,Marcedes Lewis,TE,34.1,-73.45,281,,,,,
96,Myles Gaskin,RB,26.55,-74.05,282,,,,,
94,DeeJay Dallas,RB,26.4,-74.2,283.5,,,,,
58,James O'Shaughnessy,TE,33.35,-74.2,283.5,,,,,
59,Josh Hill,TE,32.3,-75.25,285,,,,,
103,Isaiah Ford,WR,46.5,-75.4,286,,,,,
101,Andy Isabella,WR,46.05,-75.85,287,,,,,
102,Ricardo Louis,WR,46.05,-75.85,288,,,,,
95,Mike Boone,RB,24.6,-76,289,,,,,
104,Scott Miller,WR,45.35,-76.55,290,,,,,
106,Van Jefferson,WR,44.85,-77.05,291,,,,,
108,Trey Quinn,WR,44.8,-77.1,292,,,,,
103,CJ Ham,RB,23.45,-77.15,293,,,,,
97,Jeff Wilson,RB,23.3,-77.3,294,,,,,
98,Ty Montgomery,RB,23.1,-77.5,295,,,,,
99,Andy Janovich,RB,22.7,-77.9,296,,,,,
107,Equanimeous St. Brown,WR,43.6,-78.3,297,,,,,
60,Garrett Griffin,TE,29.1,-78.45,298,,,,,
105,Keelan Cole,WR,43.35,-78.55,299,,,,,
109,Bryan Edwards,WR,43.2,-78.7,300,,,,,
61,Mo Alie-Cox,TE,27.9,-79.65,301,,,,,
100,Karan Higdon,RB,20.6,-80,302,,,,,
101,Jordan Wilkins,RB,20.4,-80.2,303,,,,,
102,Eno Benjamin,RB,20.25,-80.35,304,,,,,
63,Tyler Kroft,TE,27.15,-80.4,305.5,,,,,
64,Adam Shaheen,TE,27.15,-80.4,305.5,,,,,
106,Devontae Booker,RB,19.9,-80.7,307,,,,,
62,Stephen Sullivan,TE,26.7,-80.85,308,,,,,
110,Jakobi Meyers,WR,41,-80.9,309,,,,,
105,Bo Scarbrough,RB,19.2,-81.4,310,,,,,
104,Kerrith Whyte Jr.,RB,19.05,-81.55,311,,,,,
109,Kalen Ballage,RB,18.9,-81.7,312,,,,,
107,Jason Huntley,RB,18.85,-81.75,313,,,,,
114,Greg Ward,WR,40.1,-81.8,314,,,,,
72,Jesper Horsted,TE,25.6,-81.95,315,,,,,
111,Joe Reed,WR,39.95,-81.95,316,,,,,
108,Dalyn Dawkins,RB,18.35,-82.25,317,,,,,
66,Dalton Schultz,TE,24.95,-82.6,318,,,,,
65,MyCole Pruitt,TE,24.6,-82.95,319,,,,,
113,Jalen Hurd,WR,38.8,-83.1,320,,,,,
112,Demarcus Robinson,WR,38.7,-83.2,321,,,,,
67,Foster Moreau,TE,24.2,-83.35,322,,,,,
68,Kaden Smith,TE,24.15,-83.4,323,,,,,
69,Jake Butt,TE,24.05,-83.5,324,,,,,
70,Nick Vannett,TE,23.8,-83.75,325,,,,,
110,Dontrell Hilliard,RB,16.45,-84.15,326,,,,,
71,Harrison Bryant,TE,23.2,-84.35,327.5,,,,,
114,Ameer Abdullah,RB,16.25,-84.35,327.5,,,,,
73,Levine Toilolo,TE,23.15,-84.4,329,,,,,
113,Mike Davis,RB,16.05,-84.55,330,,,,,
76,Josiah Deguara,TE,22.95,-84.6,331,,,,,
115,Tajae Sharpe,WR,37,-84.9,332,,,,,
78,Drew Sample,TE,22.6,-84.95,333,,,,,
115,Travis Homer,RB,15.6,-85,334,,,,,
77,Virgil Green,TE,22.5,-85.05,335,,,,,
111,Peyton Barber,RB,15.5,-85.1,336,,,,,
74,Demetrius Harris,TE,22.3,-85.25,337.5,,,,,
116,Tyler Johnson,WR,36.65,-85.25,337.5,,,,,
112,Qadree Ollison,RB,15.25,-85.35,339,,,,,
120,Chester Rogers,WR,35.8,-86.1,340,,,,,
116,Trayveon Williams,RB,14.45,-86.15,341,,,,,
118,T.J. Yeldon,RB,14.4,-86.2,342,,,,,
75,Ricky Seals-Jones,TE,21.3,-86.25,343.5,,,,,
119,Devine Ozigbo,RB,14.35,-86.25,343.5,,,,,
80,Adam Trautman,TE,20.8,-86.75,345,,,,,
121,Trent Taylor,WR,35,-86.9,346,,,,,
79,Jerell Adams,TE,20.4,-87.15,347,,,,,
121,Alec Ingold,RB,13.25,-87.35,348,,,,,
117,Darius Anderson,RB,13.15,-87.45,349,,,,,
81,Blake Bell,TE,19.7,-87.85,350,,,,,
120,D'Ernest Johnson,RB,12.4,-88.2,351,,,,,
117,Marvin Hall,WR,33.7,-88.2,352,,,,,
28,Dwayne Haskins,QB,171.9,-88.5,353,,,,,
119,Kalif Raymond,WR,33.15,-88.75,354,,,,,
122,Wayne Gallman,RB,11.8,-88.8,355,,,,,
123,Auden Tate,WR,33.05,-88.85,356,,,,,
124,Malik Turner,WR,32.7,-89.2,357,,,,,
123,Elijhaa Penny,RB,11.25,-89.35,358,,,,,
125,Khari Blasingame,RB,11.15,-89.45,359,,,,,
82,Kahale Warring,TE,18.05,-89.5,360,,,,,
83,Ryan Izzo,TE,17.5,-90.05,361,,,,,
118,Dante Pettis,WR,31.8,-90.1,362,,,,,
84,Chris Manhertz,TE,17.35,-90.2,363,,,,,
127,Buddy Howell,RB,10.25,-90.35,364,,,,,
86,Khari Lee,TE,17.1,-90.45,365.5,,,,,
124,James Robinson,RB,10.15,-90.45,365.5,,,,,
126,Alex Armah,RB,10.05,-90.55,367,,,,,
134,Patrick Ricard,RB,10,-90.6,368,,,,,
122,Cordarrelle Patterson,WR,31.15,-90.75,369.5,,,,,
130,Derek Watt,RB,9.85,-90.75,369.5,,,,,
85,Deon Yelder,TE,16.75,-90.8,371,,,,,
87,Jordan Thomas,TE,16.45,-91.1,372,,,,,
125,J.J. Arcega-Whiteside,WR,30.6,-91.3,373,,,,,
132,Wendell Smallwood,RB,9.25,-91.35,374,,,,,
128,JaMycal Hasty,RB,9.05,-91.55,375,,,,,
88,Brycen Hopkins,TE,15.95,-91.6,376,,,,,
135,Bobby Holly,RB,8.9,-91.7,377,,,,,
129,Jordan Scarlett,RB,8.65,-91.95,378.5,,,,,
131,Ty Johnson,RB,8.65,-91.95,378.5,,,,,
92,Troy Fumagalli,TE,15.2,-92.35,380,,,,,
89,Derek Carrier,TE,15.1,-92.45,381,,,,,
126,Rashard Higgins,WR,29.4,-92.5,382,,,,,
90,Pharaoh Brown,TE,15,-92.55,383,,,,,
133,Rod Smith,RB,7.95,-92.65,384,,,,,
137,Kenneth Dixon,RB,7.85,-92.75,385,,,,,
138,Keith Smith,RB,7.75,-92.85,386,,,,,
140,Anthony Sherman,RB,7.7,-92.9,387,,,,,
91,Codey McElroy,TE,14.6,-92.95,388,,,,,
95,Eric Tomlinson,TE,14.5,-93.05,389,,,,,
98,Joshua Perkins,TE,14.4,-93.15,390.5,,,,,
93,Albert Okwuegbunam,TE,14.4,-93.15,390.5,,,,,
136,Rodney Anderson,RB,7.4,-93.2,392,,,,,
94,Donald Parham,TE,14.2,-93.35,393,,,,,
142,Patrick DiMarco,RB,7.1,-93.5,394.5,,,,,
139,Tyler Ervin,RB,7.1,-93.5,394.5,,,,,
143,Andrew Beck,RB,7.05,-93.55,396,,,,,
99,J.P. Holtz,TE,13.85,-93.7,397,,,,,
96,Tanner Hudson,TE,13.8,-93.75,398,,,,,
97,Charlie Woerner,TE,13.75,-93.8,399,,,,,
148,Roosevelt Nix,RB,6.2,-94.4,400,,,,,
141,John Kelly,RB,6.15,-94.45,401,,,,,
147,Nick Bellore,RB,5.95,-94.65,402.5,,,,,
101,Durham Smythe,TE,12.9,-94.65,402.5,,,,,
100,Luke Stocker,TE,12.9,-94.65,404.5,,,,,
130,Javon Wims,WR,27.25,-94.65,404.5,,,,,
131,Geremy Davis,WR,27.05,-94.85,406,,,,,
144,Taiwan Jones,RB,5.7,-94.9,407,,,,,
128,Dontrelle Inman,WR,26.85,-95.05,408,,,,,
129,Laquon Treadwell,WR,26.6,-95.3,409,,,,,
146,Senorise Perry,RB,5.05,-95.55,410.5,,,,,
151,Michael Burton,RB,5.05,-95.55,410.5,,,,,
145,Trey Edmunds,RB,4.7,-95.9,412,,,,,
149,Josh Adams,RB,4.65,-95.95,413,,,,,
132,Riley Ridley,WR,25.95,-95.95,414,,,,,
150,Jakob Johnson,RB,4.6,-96,415,,,,,
102,Tommy Sweeney,TE,11.45,-96.1,416,,,,,
103,Tyler Conklin,TE,11.35,-96.2,417,,,,,
127,Richie James,WR,25.65,-96.25,418,,,,,
133,Gary Jennings Jr.,WR,25.6,-96.3,419,,,,,
175,Nick Bawden,RB,4.25,-96.35,420.5,,,,,
154,J.J. Taylor,RB,4.25,-96.35,420.5,,,,,
152,Wes Hills,RB,4.05,-96.55,422,,,,,
105,Richard Rodgers,TE,10.75,-96.8,423,,,,,
155,Dwayne Washington,RB,3.75,-96.85,424,,,,,
153,Dexter Williams,RB,3.7,-96.9,425,,,,,
156,Samaje Perine,RB,3.5,-97.1,426,,,,,
157,Tony Brooks-James,RB,3.3,-97.3,427,,,,,
136,Alex Erickson,WR,24.6,-97.3,428,,,,,
104,Luke Willson,TE,10.15,-97.4,429,,,,,
106,Trevon Wesco,TE,10,-97.55,430,,,,,
107,Antony Auclair,TE,9.75,-97.8,431,,,,,
134,Vyncint Smith,WR,23.9,-98,432,,,,,
135,Tim Patrick,WR,23.85,-98.05,433,,,,,
170,Cethan Carter,RB,2.05,-98.55,434,,,,,
137,Jamal Agnew,WR,23.35,-98.55,435,,,,,
159,Cullen Gillaspia,RB,1.8,-98.8,436,,,,,
139,Damiere Byrd,WR,23.1,-98.8,437,,,,,
110,Eric Saubert,TE,8.7,-98.85,438,,,,,
158,D.J. Foster,RB,1.7,-98.9,439.5,,,,,
108,Johnny Mundt,TE,8.65,-98.9,439.5,,,,,
160,Elijah McGuire,RB,1.6,-99,441.5,,,,,
113,Robert Tonyan,TE,8.55,-99,441.5,,,,,
111,Isaac Nauta,TE,8.5,-99.05,443,,,,,
161,Trenton Cannon,RB,1.5,-99.1,444,,,,,
112,Stephen Carlson,TE,8.35,-99.2,445.5,,,,,
109,Ross Dwelley,TE,8.35,-99.2,445.5,,,,,
114,Hale Hentges,TE,8.2,-99.35,447,,,,,
141,Christian Blake,WR,22.45,-99.45,448,,,,,
142,DaeSean Hamilton,WR,22.4,-99.5,449,,,,,
162,Damarea Crockett,RB,0.9,-99.7,450,,,,,
115,Xavier Grimble,TE,7.85,-99.7,451,,,,,
140,Nelson Agholor,WR,21.9,-100,452.5,,,,,
138,Tavon Austin,WR,21.9,-100,452.5,,,,,
116,Ross Travis,TE,7.45,-100.1,454,,,,,
117,Daniel Brown,TE,7,-100.55,455,,,,,
176,Chandler Cox,RB,0,-100.6,464,,,,,
118,Stephen Anderson,TE,6.95,-100.6,464,,,,,
163,Michael Warren II,RB,0,-100.6,464,,,,,
179,Adrian Killins Jr.,RB,0,-100.6,464,,,,,
180,Christian Wade,RB,0,-100.6,464,,,,,
178,Raymond Calais,RB,0,-100.6,464,,,,,
177,Bruce Anderson,RB,0,-100.6,464,,,,,
168,T.J. Logan,RB,0,-100.6,464,,,,,
169,Jamize Olawale,RB,0,-100.6,464,,,,,
174,Isaac Nauta,RB,0,-100.6,464,,,,,
173,Salvon Ahmed,RB,0,-100.6,464,,,,,
164,Elijah Holyfield,RB,0,-100.6,464,,,,,
165,Javon Leake,RB,0,-100.6,464,,,,,
166,Dan Vitale,RB,0,-100.6,464,,,,,
167,Brandon Bolden,RB,0,-100.6,464,,,,,
172,Damien Williams,RB,0,-100.6,464,,,,,
171,Levante Bellamy,RB,0,-100.6,464,,,,,
143,Cody Latimer,WR,21.1,-100.8,473,,,,,
120,Lee Smith,TE,6.7,-100.85,474,,,,,
119,Mason Schreck,TE,6.65,-100.9,475,,,,,
144,Braxton Berrios,WR,20.75,-101.15,476,,,,,
121,Zach Gentry,TE,6.25,-101.3,477,,,,,
146,Isaiah McKenzie,WR,20.55,-101.35,478.5,,,,,
145,KeeSean Johnson,WR,20.55,-101.35,478.5,,,,,
147,Victor Bolden Jr.,WR,20.2,-101.7,480,,,,,
148,Taywan Taylor,WR,19.75,-102.15,481,,,,,
122,Cethan Carter,TE,5.1,-102.45,482.5,,,,,
150,Pharoh Cooper,WR,19.45,-102.45,482.5,,,,,
149,Gabriel Davis,WR,19.4,-102.5,484,,,,,
152,Devin Smith,WR,19.25,-102.65,485,,,,,
151,Quintez Cephus,WR,19.2,-102.7,486,,,,,
153,K.J. Hill,WR,18.95,-102.95,487.5,,,,,
123,Colby Parkinson,TE,4.6,-102.95,487.5,,,,,
125,Jason Croom,TE,4.45,-103.1,489.5,,,,,
124,Darrell Daniels,TE,4.45,-103.1,489.5,,,,,
154,Seth Roberts,WR,18.8,-103.1,491,,,,,
155,Hakeem Butler,WR,18.45,-103.45,492,,,,,
157,Damion Ratley,WR,18.2,-103.7,493,,,,,
126,Temarrick Hemingway,TE,3.55,-104,494,,,,,
156,Chad Beebe,WR,17.75,-104.15,495,,,,,
127,Jordan Franks,TE,3.15,-104.4,496,,,,,
158,Olamide Zaccheaus,WR,17.15,-104.75,497,,,,,
128,Evan Baylis,TE,2.65,-104.9,498,,,,,
129,Alex Ellis,TE,2.4,-105.15,499,,,,,
130,Cole Hikutini,TE,2.3,-105.25,500,,,,,
162,Andre Roberts,WR,16.4,-105.5,501,,,,,
159,Deonte Harris,WR,16.35,-105.55,502.5,,,,,
161,Darrius Shepherd,WR,16.35,-105.55,502.5,,,,,
164,Josh Malone,WR,16.3,-105.6,504,,,,,
160,Marcus Johnson,WR,16.2,-105.7,505,,,,,
165,Mack Hollins,WR,16.15,-105.75,506,,,,,
167,Ryan Switzer,WR,16,-105.9,507,,,,,
131,Jason Vander Laan,TE,1.3,-106.25,508,,,,,
163,Keke Coutee,WR,15.5,-106.4,509,,,,,
166,James Proche,WR,15.15,-106.75,510,,,,,
170,Dezmon Patmon,WR,14.6,-107.3,511,,,,,
169,Justin Watson,WR,14.55,-107.35,512,,,,,
138,Kendall Blanton,TE,0,-107.55,517.5,,,,,
139,Hunter Bryant,TE,0,-107.55,517.5,,,,,
137,Thaddeus Moss,TE,0,-107.55,517.5,,,,,
132,Charles Jones,TE,0,-107.55,517.5,,,,,
133,Brandon Dillon,TE,0,-107.55,517.5,,,,,
141,Caleb Wilson,TE,0,-107.55,517.5,,,,,
134,Cole Wick,TE,0,-107.55,517.5,,,,,
135,Tyler Davis,TE,0,-107.55,517.5,,,,,
136,Garrett Dickerson,TE,0,-107.55,517.5,,,,,
140,Jared Pinkney,TE,0,-107.55,517.5,,,,,
168,Gunner Olszewski,WR,14.2,-107.7,523,,,,,
171,Corey Coleman,WR,14,-107.9,524,x,,,,
172,Reggie Begelton,WR,13.8,-108.1,525,,,,,
176,Andre Patton,WR,13.35,-108.55,526,,,,,
173,DeAndre Carter,WR,13,-108.9,527,,,,,
174,Byron Pringle,WR,12.65,-109.25,528,,,,,
175,Cody Hollister,WR,12.35,-109.55,529,,,,,
177,Donovan Peoples-Jones,WR,12.3,-109.6,530,,,,,
179,Jeff Smith,WR,12.25,-109.65,531,,,,,
178,Robert Foster,WR,12.05,-109.85,532,,,,,
184,Cedrick Wilson,WR,11.65,-110.25,533,,,,,
180,Cody Core,WR,11.4,-110.5,534.5,,,,,
182,Khadarel Hodge,WR,11.4,-110.5,534.5,,,,,
185,Darius Jennings,WR,11.35,-110.55,536,,,,,
181,Marcell Ateman,WR,11.25,-110.65,537,,,,,
183,Ventell Bryant,WR,11,-110.9,538,,,,,
187,Trent Sherfield,WR,10.95,-110.95,539,,,,,
186,John Hightower,WR,10.8,-111.1,540,,,,,
188,Darnell Mooney,WR,10.7,-111.2,541,,,,,
29,Tua Tagovailoa,QB,149.1,-111.3,542,,,,,
189,Jason Moore,WR,10.05,-111.85,543,,,,,
191,Devin Gray,WR,9.6,-112.3,544,,,,,
190,Deon Cain,WR,9.5,-112.4,545,,,,,
192,Brandon Powell,WR,9.1,-112.8,546.5,,,,,
194,Isaiah Hodgins,WR,9.1,-112.8,546.5,,,,,
195,Amara Darboh,WR,8.85,-113.05,549,,,,,
199,K.J. Osborn,WR,8.85,-113.05,549,,,,,
193,Alexander Hollins,WR,8.85,-113.05,549,,,,,
198,Bennie Fowler III,WR,8.75,-113.15,551,,,,,
196,Rashard Davis,WR,8.7,-113.2,552,,,,,
202,C.J. Board,WR,8.5,-113.4,553.5,,,,,
203,Michael Walker,WR,8.5,-113.4,553.5,,,,,
200,Tevin Jones,WR,8.35,-113.55,555,,,,,
197,Daurice Fountain,WR,8.3,-113.6,556,,,,,
204,Noah Brown,WR,8.25,-113.65,557.5,,,,,
201,Gehrig Dieter,WR,8.25,-113.65,557.5,,,,,
207,Isaac Whitney,WR,8.15,-113.75,559,,,,,
205,John Ursua,WR,8.1,-113.8,560,,,,,
206,Austin Carr,WR,8.05,-113.85,561,,,,,
210,Zay Jones,WR,7.9,-114,562.5,,,,,
211,Keelan Doss,WR,7.9,-114,562.5,,,,,
209,Keith Kirkwood,WR,7.85,-114.05,564.5,,,,,
208,J'Mon Moore,WR,7.85,-114.05,564.5,,,,,
213,Trevor Davis,WR,7.8,-114.1,566,,,,,
212,Chad Hansen,WR,7.7,-114.2,567,,,,,
214,Rico Gafford,WR,7.55,-114.35,568,,,,,
30,Tyrod Taylor,QB,146,-114.4,569,x,,,,
216,Chris Moore,WR,7.4,-114.5,570,,,,,
215,Nsimba Webster,WR,7.35,-114.55,571,,,,,
218,Steven Mitchell Jr.,WR,7.2,-114.7,573,,,,,
221,Fred Brown,WR,7.2,-114.7,573,,,,,
219,Quez Watkins,WR,7.2,-114.7,573,,,,,
217,Ashton Dulin,WR,7.15,-114.75,575.5,,,,,
220,Omar Bayless,WR,7.15,-114.75,575.5,,,,,
222,Isaiah Coulter,WR,7,-114.9,577,,,,,
223,Cam Sims,WR,6.7,-115.2,578,,,,,
31,Nick Foles,QB,145,-115.4,579,,,,,
224,Diontae Spencer,WR,6.45,-115.45,580,,,,,
225,Freddie Swain,WR,6.2,-115.7,581,,,,,
227,Josh Bellamy,WR,5.85,-116.05,582,,,,,
229,Jalen Guyton,WR,5.75,-116.15,583,,,,,
226,Robert Davis,WR,5.65,-116.25,584,,,,,
228,Jehu Chesson,WR,5.6,-116.3,585,,,,,
230,Chad Williams,WR,5.55,-116.35,586,,,,,
232,Damion Willis,WR,5.2,-116.7,587.5,,,,,
231,Brandon Zylstra,WR,5.2,-116.7,587.5,,,,,
233,Matt Slater,WR,4.15,-117.75,589,,,,,
235,Travis Fulgham,WR,4,-117.9,590,,,,,
234,Lil'Jordan Humphrey,WR,3.95,-117.95,591,,,,,
237,Deontay Burnett,WR,3.85,-118.05,593,,,,,
238,Stanley Morgan Jr.,WR,3.85,-118.05,593,,,,,
236,Mike Thomas,WR,3.85,-118.05,593,,,,,
239,DeAndrew White,WR,3.75,-118.15,595,,,,,
241,Darvin Kidsy,WR,3.65,-118.25,596,,,,,
242,Collin Johnson,WR,3.6,-118.3,597.5,,,,,
240,De'Mornay Pierson-El,WR,3.6,-118.3,597.5,,,,,
243,Jaleel Scott,WR,3,-118.9,599,,,,,
244,JoJo Natson,WR,2.45,-119.45,600,,,,,
245,Cyril Grayson,WR,1.9,-120,601,,,,,
246,Ishmael Hyman,WR,1.8,-120.1,602,,,,,
247,Chris Thompson,WR,1.1,-120.8,603,,,,,
248,J.J. Nelson,WR,1,-120.9,604,,,,,
257,Artavis Scott,WR,0,-121.9,618.5,,,,,
250,Allen Hurns,WR,0,-121.9,618.5,,,,,
256,Marqise Lee,WR,0,-121.9,618.5,,,,,
275,Josh Doctson,WR,0,-121.9,618.5,,,,,
249,Geronimo Allison,WR,0,-121.9,618.5,,,,,
266,Tom Kennedy,WR,0,-121.9,618.5,,,,,
251,Jauan Jennings,WR,0,-121.9,618.5,,,,,
264,Devin Funchess,WR,0,-121.9,618.5,,,,,
252,Marquise Goodwin,WR,0,-121.9,618.5,,,,,
253,Dillon Mitchell,WR,0,-121.9,618.5,,,,,
254,Cam Batson,WR,0,-121.9,618.5,,,,,
255,Marquez Callaway,WR,0,-121.9,618.5,,,,,
265,Jeff Thomas,WR,0,-121.9,618.5,,,,,
263,Antoine Wesley,WR,0,-121.9,618.5,,,,,
262,Penny Hart,WR,0,-121.9,618.5,,,,,
261,Kirk Merritt,WR,0,-121.9,618.5,,,,,
260,Travis Benjamin,WR,0,-121.9,618.5,,,,,
259,Da'Mari Scott,WR,0,-121.9,618.5,,,,,
258,Dylan Cantrell,WR,0,-121.9,618.5,,,,,
268,Terry Godwin,WR,0,-121.9,618.5,,,,,
267,De'Anthony Thomas,WR,0,-121.9,618.5,,,,,
276,Kelvin Harmon,WR,0,-121.9,618.5,,,,,
269,Jester Weah,WR,0,-121.9,618.5,,,,,
270,Trenton Irwin,WR,0,-121.9,618.5,,,,,
271,Albert Wilson,WR,0,-121.9,618.5,,,,,
272,Emmanuel Butler,WR,0,-121.9,618.5,,,,,
273,Juwann Winfree,WR,0,-121.9,618.5,,,,,
274,Tyrie Cleveland,WR,0,-121.9,618.5,,,,,
32,Ryan Fitzpatrick,QB,114.4,-146,633,,,,,
33,Justin Herbert,QB,110.9,-149.5,634,,,,,
34,Mitch Trubisky,QB,100.4,-160,635,,,,,
35,Jalen Hurts,QB,34.2,-226.2,636,,,,,
36,Marcus Mariota,QB,29.6,-230.8,637,,,,,
37,Phillip Walker,QB,28.6,-231.8,638,,,,,
38,Alex Smith,QB,26.1,-234.3,639,,,,,
39,Taysom Hill,QB,26,-234.4,640,,,,,
40,John Wolford,QB,25.5,-234.9,641,,,,,
41,Kyle Allen,QB,22,-238.4,642,,,,,
42,Jarrett Stidham,QB,21.7,-238.7,643,,,,,
43,Mason Rudolph,QB,16.5,-243.9,644,,,,,
44,Jameis Winston,QB,15.4,-245,645,,,,,
46,Blaine Gabbert,QB,12.9,-247.5,646.5,,,,,
45,Logan Woodside,QB,12.9,-247.5,646.5,,,,,
47,Jacoby Brissett,QB,12.5,-247.9,648,,,,,
48,Joshua Dobbs,QB,11.8,-248.6,649,,,,,
49,Jeff Driskel,QB,11.5,-248.9,650,,,,,
50,Case Keenum,QB,11.1,-249.3,651,,,,,
51,Jordan Love,QB,11,-249.4,652,,,,,
52,Andy Dalton,QB,10.7,-249.7,653,,,,,
53,Chase Daniel,QB,10.6,-249.8,654,,,,,
54,AJ McCarron,QB,10.5,-249.9,655,,,,,
55,Will Grier,QB,10.4,-250,656,,,,,
56,Geno Smith,QB,10.2,-250.2,657,,,,,
57,Colt McCoy,QB,8.7,-251.7,658,,,,,
58,Robert Griffin,QB,8.6,-251.8,659,,,,,
59,Ryan Finley,QB,8.2,-252.2,660,,,,,
60,Matt Schaub,QB,8,-252.4,661,,,,,
61,Brett Hundley,QB,7.9,-252.5,662,,,,,
62,Jake Fromm,QB,7.7,-252.7,663,,,,,
63,Matt Barkley,QB,6.9,-253.5,664,,,,,
64,Chad Henne,QB,6.5,-253.9,665,,,,,
66,Nick Mullens,QB,6.2,-254.2,666.5,,,,,
65,Sean Mannion,QB,6.2,-254.2,666.5,,,,,
67,Joe Flacco,QB,5.6,-254.8,668,,,,,
68,David Blough,QB,5,-255.4,669,,,,,
69,Mike Glennon,QB,3.2,-257.2,670,,,,,
70,Josh Rosen,QB,2.9,-257.5,671,,,,,
71,Jacob Eason,QB,2.7,-257.7,672,,,,,
72,James Morgan,QB,2.3,-258.1,673,,,,,
73,David Fales,QB,0.1,-260.3,674,,,,,
82,C.J. Beathard,QB,0,-260.4,689.5,,,,,
81,Devlin Hodges,QB,0,-260.4,689.5,,,,,
79,Tyler Bray,QB,0,-260.4,689.5,,,,,
78,Nate Sudfeld,QB,0,-260.4,689.5,,,,,
83,Cooper Rush,QB,0,-260.4,689.5,,,,,
80,Garrett Gilbert,QB,0,-260.4,689.5,,,,,
74,Trace McSorley,QB,0,-260.4,689.5,,,,,
75,Matt Moore,QB,0,-260.4,689.5,,,,,
76,Brian Hoyer,QB,0,-260.4,689.5,,,,,
77,Tim Boyle,QB,0,-260.4,689.5,,,,,
91,Nathan Peterman,QB,0,-260.4,689.5,,,,,
103,Easton Stick,QB,0,-260.4,689.5,,,,,
102,Jake Luton,QB,0,-260.4,689.5,,,,,
84,Ryan Griffin,QB,0,-260.4,689.5,,,,,
90,Ben DiNucci,QB,0,-260.4,689.5,,,,,
89,Tommy Stevens,QB,0,-260.4,689.5,,,,,
88,Kyle Lauletta,QB,0,-260.4,689.5,,,,,
87,Alex Tanney,QB,0,-260.4,689.5,,,,,
93,Mike White,QB,0,-260.4,689.5,,,,,
94,Anthony Gordon,QB,0,-260.4,689.5,,,,,
95,Alex McGough,QB,0,-260.4,689.5,,,,,
96,Brandon Allen,QB,0,-260.4,689.5,,,,,
97,Cole McDonald,QB,0,-260.4,689.5,,,,,
98,Danny Etling,QB,0,-260.4,689.5,,,,,
99,Davis Webb,QB,0,-260.4,689.5,,,,,
100,Nate Stanley,QB,0,-260.4,689.5,,,,,
101,Brett Rypien,QB,0,-260.4,689.5,,,,,
86,Chad Kelly,QB,0,-260.4,689.5,,,,,
85,Paxton Lynch,QB,0,-260.4,689.5,,,,,
92,Clayton Thorson,QB,0,-260.4,689.5,,,,,